id,firstname,lastname,email,position
1,Tori,Soneson,Tori.Soneson@gopmail.com,HR Speclialists 
2,Shandie,Saunderson,Shandie.Saunderson@gopmail.com,HR Speclialists 
3,Lucille,Diogenes,Lucille.Diogenes@gopmail.com,Sales Specialists
4,Donetta,Macey,Donetta.Macey@gopmail.com,Senior Software Developer
5,Fred,Sasnett,Fred.Sasnett@gopmail.com,Software Developer
6,Imojean,Santoro,Imojean.Santoro@gopmail.com,Software Developer
7,Aryn,Matthew,Aryn.Matthew@gopmail.com,HR Speclialists 
8,Marti,Astra,Marti.Astra@gopmail.com,Senior Software Developer
9,Alejandra,Denis,Alejandra.Denis@gopmail.com,Software Engineer
10,Hildegaard,Malina,Hildegaard.Malina@gopmail.com,Sales Specialists
11,June,Ovid,June.Ovid@gopmail.com,Software Engineer
12,Tressa,Bendick,Tressa.Bendick@gopmail.com,Sales Specialists
13,Krystle,Havens,Krystle.Havens@gopmail.com,Software Developer
14,Deane,O'Neill,Deane.O'Neill@gopmail.com,Senior Software Specliasits
15,Tressa,Kosey,Tressa.Kosey@gopmail.com,Software Engineer
16,Emma,Ephrem,Emma.Ephrem@gopmail.com,Software Engineer
17,Norine,McNully,Norine.McNully@gopmail.com,Senior Software Specliasits
18,Caritta,Fancie,Caritta.Fancie@gopmail.com,Senior Software Specliasits
19,Agathe,Hollingsworth,Agathe.Hollingsworth@gopmail.com,Senior Software Developer
20,Alyssa,Susannah,Alyssa.Susannah@gopmail.com,HR Speclialists 
21,Gratia,Fulmer,Gratia.Fulmer@gopmail.com,Sales Specialists
22,Elsie,Bertold,Elsie.Bertold@gopmail.com,Sales Specialists
23,Kelly,Yusuk,Kelly.Yusuk@gopmail.com,Software Engineer
24,Tori,Allina,Tori.Allina@gopmail.com,Senior Software Specliasits
25,Sheree,Emmy,Sheree.Emmy@gopmail.com,Senior Software Specliasits
26,Thalia,Wandie,Thalia.Wandie@gopmail.com,Software Developer
27,Steffane,Ingra,Steffane.Ingra@gopmail.com,Senior Software Specliasits
28,Jillayne,Chick,Jillayne.Chick@gopmail.com,Software Developer
29,Alejandra,Lunsford,Alejandra.Lunsford@gopmail.com,Senior Software Specliasits
30,Antonietta,Evvie,Antonietta.Evvie@gopmail.com,HR Speclialists 
31,Annice,Francene,Annice.Francene@gopmail.com,HR Speclialists 
32,Lisette,Weitman,Lisette.Weitman@gopmail.com,Software Developer
33,Quintina,MacIntosh,Quintina.MacIntosh@gopmail.com,Senior Software Developer
34,Briney,Buffum,Briney.Buffum@gopmail.com,HR Speclialists 
35,Zaria,Velick,Zaria.Velick@gopmail.com,Senior Software Developer
36,Bernie,Rona,Bernie.Rona@gopmail.com,Software Developer
37,Sara-Ann,Thunell,Sara-Ann.Thunell@gopmail.com,HR Speclialists 
38,Aili,Berriman,Aili.Berriman@gopmail.com,HR Speclialists 
39,Mignon,Stanwood,Mignon.Stanwood@gopmail.com,Senior Software Specliasits
40,Tani,Ranjiv,Tani.Ranjiv@gopmail.com,HR Speclialists 
41,Marcy,Kermit,Marcy.Kermit@gopmail.com,Sales Specialists
42,Jordan,Bohlin,Jordan.Bohlin@gopmail.com,Software Developer
43,Lory,Constancy,Lory.Constancy@gopmail.com,Software Engineer
44,Amelia,Swanhildas,Amelia.Swanhildas@gopmail.com,HR Speclialists 
45,Sherrie,Alarise,Sherrie.Alarise@gopmail.com,Software Developer
46,Marsiella,Abbot,Marsiella.Abbot@gopmail.com,Senior Software Specliasits
47,Annora,Mauer,Annora.Mauer@gopmail.com,HR Speclialists 
48,Lanna,Garbe,Lanna.Garbe@gopmail.com,Software Engineer
49,Sherrie,Kress,Sherrie.Kress@gopmail.com,Senior Software Specliasits
50,Philis,Pyle,Philis.Pyle@gopmail.com,Sales Specialists
51,Kary,Jehu,Kary.Jehu@gopmail.com,Senior Software Developer
52,Larine,Merriott,Larine.Merriott@gopmail.com,Sales Specialists
53,Odessa,Junie,Odessa.Junie@gopmail.com,Senior Software Developer
54,Zaria,Shirberg,Zaria.Shirberg@gopmail.com,Senior Software Specliasits
55,Melanie,Bow,Melanie.Bow@gopmail.com,Senior Software Specliasits
56,Inga,Duwalt,Inga.Duwalt@gopmail.com,Software Engineer
57,Reeba,Fennessy,Reeba.Fennessy@gopmail.com,HR Speclialists 
58,Kayla,Judye,Kayla.Judye@gopmail.com,Software Engineer
59,Natka,Taima,Natka.Taima@gopmail.com,Senior Software Developer
60,Renae,Fax,Renae.Fax@gopmail.com,Senior Software Developer
61,Cyndie,Flyn,Cyndie.Flyn@gopmail.com,Software Engineer
62,Bobinette,Podvin,Bobinette.Podvin@gopmail.com,Senior Software Developer
63,Taffy,Gunn,Taffy.Gunn@gopmail.com,Senior Software Specliasits
64,Darlleen,Corrine,Darlleen.Corrine@gopmail.com,Senior Software Specliasits
65,Katharina,Zuzana,Katharina.Zuzana@gopmail.com,Senior Software Developer
66,Jemie,Lorain,Jemie.Lorain@gopmail.com,Sales Specialists
67,Heddie,Voletta,Heddie.Voletta@gopmail.com,Sales Specialists
68,Pierette,Justinn,Pierette.Justinn@gopmail.com,Senior Software Developer
69,Vere,Kylander,Vere.Kylander@gopmail.com,HR Speclialists 
70,Katuscha,Fillbert,Katuscha.Fillbert@gopmail.com,HR Speclialists 
71,Mignon,Dituri,Mignon.Dituri@gopmail.com,HR Speclialists 
72,Josephine,Warthman,Josephine.Warthman@gopmail.com,Software Developer
73,Carree,Lumbard,Carree.Lumbard@gopmail.com,HR Speclialists 
74,Dione,Rocray,Dione.Rocray@gopmail.com,Software Engineer
75,Lynde,Munn,Lynde.Munn@gopmail.com,Software Developer
76,Darlleen,Federica,Darlleen.Federica@gopmail.com,Sales Specialists
77,Shell,Phyllis,Shell.Phyllis@gopmail.com,Senior Software Developer
78,Ilse,Bultman,Ilse.Bultman@gopmail.com,Senior Software Developer
79,Amelia,Huggins,Amelia.Huggins@gopmail.com,Senior Software Specliasits
80,Lila,Wooster,Lila.Wooster@gopmail.com,Senior Software Specliasits
81,Joane,Korey,Joane.Korey@gopmail.com,Senior Software Developer
82,Marita,Sallyann,Marita.Sallyann@gopmail.com,Senior Software Developer
83,Monika,Rooney,Monika.Rooney@gopmail.com,Senior Software Specliasits
84,Audrie,Rogerio,Audrie.Rogerio@gopmail.com,Senior Software Specliasits
85,Kayla,Anton,Kayla.Anton@gopmail.com,Software Engineer
86,Lexine,Kristi,Lexine.Kristi@gopmail.com,HR Speclialists 
87,Annabela,Oriana,Annabela.Oriana@gopmail.com,Senior Software Specliasits
88,Nicoli,Cecile,Nicoli.Cecile@gopmail.com,Senior Software Developer
89,Karena,Fink,Karena.Fink@gopmail.com,Software Developer
90,Nyssa,Concha,Nyssa.Concha@gopmail.com,Senior Software Specliasits
91,Modestia,Charmine,Modestia.Charmine@gopmail.com,Senior Software Specliasits
92,Millie,Raimondo,Millie.Raimondo@gopmail.com,Software Engineer
93,Rhea,Arquit,Rhea.Arquit@gopmail.com,Software Engineer
94,Joane,Regan,Joane.Regan@gopmail.com,Software Engineer
95,Taffy,Silvan,Taffy.Silvan@gopmail.com,Software Engineer
96,Britni,Wyn,Britni.Wyn@gopmail.com,HR Speclialists 
97,Rori,Fennessy,Rori.Fennessy@gopmail.com,Software Developer
98,Odessa,Emanuel,Odessa.Emanuel@gopmail.com,Sales Specialists
99,Madelle,Laurianne,Madelle.Laurianne@gopmail.com,Sales Specialists
100,Rosene,Konyn,Rosene.Konyn@gopmail.com,Software Developer
101,Bee,Dom,Bee.Dom@gopmail.com,Senior Software Developer
102,Chandra,Laurianne,Chandra.Laurianne@gopmail.com,HR Speclialists 
103,Wendi,Adore,Wendi.Adore@gopmail.com,Software Engineer
104,Orsola,Martguerita,Orsola.Martguerita@gopmail.com,Senior Software Specliasits
105,Teriann,Wittie,Teriann.Wittie@gopmail.com,Senior Software Developer
106,Nyssa,Grimbly,Nyssa.Grimbly@gopmail.com,Software Developer
107,Britte,Hertzfeld,Britte.Hertzfeld@gopmail.com,Sales Specialists
108,Petronia,Tremayne,Petronia.Tremayne@gopmail.com,Senior Software Developer
109,Elena,Faria,Elena.Faria@gopmail.com,Sales Specialists
110,Tami,Vins,Tami.Vins@gopmail.com,Sales Specialists
111,Alameda,Matthew,Alameda.Matthew@gopmail.com,Senior Software Specliasits
112,Chrystel,Levey,Chrystel.Levey@gopmail.com,Senior Software Specliasits
113,Julieta,Ventre,Julieta.Ventre@gopmail.com,HR Speclialists 
114,Kathy,Sallyann,Kathy.Sallyann@gopmail.com,Senior Software Developer
115,Fina,Gladstone,Fina.Gladstone@gopmail.com,Senior Software Specliasits
116,Aurore,Brodench,Aurore.Brodench@gopmail.com,Software Engineer
117,Fidelia,Malanie,Fidelia.Malanie@gopmail.com,HR Speclialists 
118,Iseabal,Olnee,Iseabal.Olnee@gopmail.com,HR Speclialists 
119,Wilma,Ramona,Wilma.Ramona@gopmail.com,HR Speclialists 
120,Briney,Lea,Briney.Lea@gopmail.com,Senior Software Specliasits
121,Debee,Turne,Debee.Turne@gopmail.com,Sales Specialists
122,Karolina,Nea,Karolina.Nea@gopmail.com,Senior Software Specliasits
123,Gale,Shama,Gale.Shama@gopmail.com,Software Engineer
124,Lulita,Erb,Lulita.Erb@gopmail.com,Senior Software Specliasits
125,Merry,Drisko,Merry.Drisko@gopmail.com,Senior Software Specliasits
126,Darlleen,Therine,Darlleen.Therine@gopmail.com,Senior Software Specliasits
127,Alex,Wenda,Alex.Wenda@gopmail.com,Senior Software Developer
128,Rosaline,Bennie,Rosaline.Bennie@gopmail.com,Software Engineer
129,Robinia,Vernier,Robinia.Vernier@gopmail.com,Senior Software Developer
130,Edith,Orelee,Edith.Orelee@gopmail.com,Software Engineer
131,Kaja,Rubie,Kaja.Rubie@gopmail.com,Sales Specialists
132,Leona,Palocz,Leona.Palocz@gopmail.com,Sales Specialists
133,Dacia,Lail,Dacia.Lail@gopmail.com,Sales Specialists
134,Babita,Lanita,Babita.Lanita@gopmail.com,Sales Specialists
135,Desirae,Zachary,Desirae.Zachary@gopmail.com,Senior Software Specliasits
136,Jean,Ramona,Jean.Ramona@gopmail.com,Software Engineer
137,Inga,Suanne,Inga.Suanne@gopmail.com,Software Developer
138,Fawne,Buffum,Fawne.Buffum@gopmail.com,Software Engineer
139,Tamqrah,Milde,Tamqrah.Milde@gopmail.com,Software Engineer
140,Flory,Chauncey,Flory.Chauncey@gopmail.com,Senior Software Developer
141,Farrah,Ricarda,Farrah.Ricarda@gopmail.com,Senior Software Specliasits
142,Carmencita,Kesley,Carmencita.Kesley@gopmail.com,Software Developer
143,Marcy,Levey,Marcy.Levey@gopmail.com,Senior Software Developer
144,Lanna,Eldrid,Lanna.Eldrid@gopmail.com,Senior Software Specliasits
145,Tami,Bobbee,Tami.Bobbee@gopmail.com,Software Developer
146,Bill,Mott,Bill.Mott@gopmail.com,Senior Software Developer
147,Minda,Maroney,Minda.Maroney@gopmail.com,Senior Software Developer
148,Iseabal,Bahr,Iseabal.Bahr@gopmail.com,Sales Specialists
149,Genevra,Bibi,Genevra.Bibi@gopmail.com,Senior Software Specliasits
150,Elise,Odysseus,Elise.Odysseus@gopmail.com,Sales Specialists
151,Rozele,Rebecka,Rozele.Rebecka@gopmail.com,HR Speclialists 
152,Leeanne,Kress,Leeanne.Kress@gopmail.com,Senior Software Developer
153,Margalo,Jarib,Margalo.Jarib@gopmail.com,Senior Software Specliasits
154,Lila,Miru,Lila.Miru@gopmail.com,Senior Software Developer
155,Mariele,Tayib,Mariele.Tayib@gopmail.com,Senior Software Specliasits
156,Willetta,Corilla,Willetta.Corilla@gopmail.com,Sales Specialists
157,Mahalia,Silvan,Mahalia.Silvan@gopmail.com,Senior Software Developer
158,Barbi,Briney,Barbi.Briney@gopmail.com,Sales Specialists
159,Aeriela,Douglass,Aeriela.Douglass@gopmail.com,Sales Specialists
160,Magdalena,Ventre,Magdalena.Ventre@gopmail.com,Software Developer
161,Deedee,Tayib,Deedee.Tayib@gopmail.com,HR Speclialists 
162,Dorothy,Carey,Dorothy.Carey@gopmail.com,HR Speclialists 
163,Karena,Elbertina,Karena.Elbertina@gopmail.com,Sales Specialists
164,Nerta,Bultman,Nerta.Bultman@gopmail.com,Software Engineer
165,Elfreda,Lissi,Elfreda.Lissi@gopmail.com,Sales Specialists
166,Leontine,Tremayne,Leontine.Tremayne@gopmail.com,Software Developer
167,Celene,Kronfeld,Celene.Kronfeld@gopmail.com,Senior Software Developer
168,Rhoda,Malvino,Rhoda.Malvino@gopmail.com,Senior Software Developer
169,Millie,Lipson,Millie.Lipson@gopmail.com,Sales Specialists
170,Patricia,Jobi,Patricia.Jobi@gopmail.com,Sales Specialists
171,Brandise,Faro,Brandise.Faro@gopmail.com,Senior Software Specliasits
172,Fernande,Alcott,Fernande.Alcott@gopmail.com,Senior Software Developer
173,Hayley,Pip,Hayley.Pip@gopmail.com,Sales Specialists
174,Wynne,Lubin,Wynne.Lubin@gopmail.com,Senior Software Developer
175,Jinny,Malina,Jinny.Malina@gopmail.com,Senior Software Developer
176,Celene,Khorma,Celene.Khorma@gopmail.com,Software Developer
177,Perry,Marsden,Perry.Marsden@gopmail.com,Senior Software Specliasits
178,Binny,Arley,Binny.Arley@gopmail.com,HR Speclialists 
179,Tiffie,Chick,Tiffie.Chick@gopmail.com,HR Speclialists 
180,Kaja,Halsey,Kaja.Halsey@gopmail.com,HR Speclialists 
181,Edee,Mitzi,Edee.Mitzi@gopmail.com,Software Engineer
182,Sheelagh,Emmy,Sheelagh.Emmy@gopmail.com,Senior Software Specliasits
183,Kassey,Ulphia,Kassey.Ulphia@gopmail.com,Sales Specialists
184,Brena,Bohlin,Brena.Bohlin@gopmail.com,Software Developer
185,Ileana,Pillsbury,Ileana.Pillsbury@gopmail.com,Senior Software Developer
186,Joelly,Allina,Joelly.Allina@gopmail.com,Sales Specialists
187,Desirae,Gillan,Desirae.Gillan@gopmail.com,Software Engineer
188,Kristan,Campball,Kristan.Campball@gopmail.com,Software Engineer
189,Lolita,Nester,Lolita.Nester@gopmail.com,Sales Specialists
190,Chastity,Dielu,Chastity.Dielu@gopmail.com,Senior Software Developer
191,Belva,Carbo,Belva.Carbo@gopmail.com,Software Engineer
192,Anica,Cordi,Anica.Cordi@gopmail.com,Software Engineer
193,Nanete,Cosenza,Nanete.Cosenza@gopmail.com,Software Engineer
194,Peri,Muriel,Peri.Muriel@gopmail.com,Senior Software Developer
195,Danika,Baudin,Danika.Baudin@gopmail.com,Software Developer
196,Priscilla,Eugenia,Priscilla.Eugenia@gopmail.com,HR Speclialists 
197,Nelle,Vary,Nelle.Vary@gopmail.com,Senior Software Developer
198,Dulcinea,Garrison,Dulcinea.Garrison@gopmail.com,Senior Software Specliasits
199,Elka,Stelle,Elka.Stelle@gopmail.com,Software Developer
200,Taffy,Merriott,Taffy.Merriott@gopmail.com,Software Developer
201,Lanae,Izaak,Lanae.Izaak@gopmail.com,HR Speclialists 
202,Jan,Auberbach,Jan.Auberbach@gopmail.com,Senior Software Developer
203,Blinni,Frodi,Blinni.Frodi@gopmail.com,HR Speclialists 
204,Sissy,Hieronymus,Sissy.Hieronymus@gopmail.com,Software Developer
205,Ileana,Thilda,Ileana.Thilda@gopmail.com,Software Developer
206,Brandise,Karna,Brandise.Karna@gopmail.com,HR Speclialists 
207,Juliane,Felecia,Juliane.Felecia@gopmail.com,Senior Software Specliasits
208,Chloris,Zrike,Chloris.Zrike@gopmail.com,Software Engineer
209,Lulita,Suzetta,Lulita.Suzetta@gopmail.com,Sales Specialists
210,Meg,Infield,Meg.Infield@gopmail.com,Senior Software Developer
211,Meg,Alexandr,Meg.Alexandr@gopmail.com,HR Speclialists 
212,Karena,Killigrew,Karena.Killigrew@gopmail.com,Senior Software Developer
213,Ingrid,Melan,Ingrid.Melan@gopmail.com,Software Developer
214,Wynne,Emanuel,Wynne.Emanuel@gopmail.com,Senior Software Specliasits
215,Paule,Elephus,Paule.Elephus@gopmail.com,Senior Software Developer
216,Nariko,Goddard,Nariko.Goddard@gopmail.com,HR Speclialists 
217,Madeleine,Darbie,Madeleine.Darbie@gopmail.com,Sales Specialists
218,Aryn,Douglass,Aryn.Douglass@gopmail.com,Senior Software Developer
219,Hildegaard,Matthew,Hildegaard.Matthew@gopmail.com,Senior Software Developer
220,Annecorinne,Jary,Annecorinne.Jary@gopmail.com,Senior Software Developer
221,Alameda,Orelee,Alameda.Orelee@gopmail.com,HR Speclialists 
222,Fina,Ursulette,Fina.Ursulette@gopmail.com,Software Developer
223,Carolina,Munn,Carolina.Munn@gopmail.com,Senior Software Developer
224,Janis,Lorain,Janis.Lorain@gopmail.com,Senior Software Developer
225,Elfreda,Stacy,Elfreda.Stacy@gopmail.com,Software Engineer
226,Sheelagh,Corrine,Sheelagh.Corrine@gopmail.com,HR Speclialists 
227,Benita,Lesley,Benita.Lesley@gopmail.com,Senior Software Specliasits
228,Alleen,Joni,Alleen.Joni@gopmail.com,Software Engineer
229,Shandie,Dunkin,Shandie.Dunkin@gopmail.com,Software Developer
230,Daphne,Infield,Daphne.Infield@gopmail.com,Senior Software Developer
231,Rebeca,Frodi,Rebeca.Frodi@gopmail.com,Software Engineer
232,Renie,Maples,Renie.Maples@gopmail.com,Software Engineer
233,Harrietta,Levey,Harrietta.Levey@gopmail.com,Software Developer
234,Zondra,Anestassia,Zondra.Anestassia@gopmail.com,Senior Software Specliasits
235,Ginnie,Sothena,Ginnie.Sothena@gopmail.com,HR Speclialists 
236,Dode,Lattie,Dode.Lattie@gopmail.com,Senior Software Specliasits
237,Laurene,Nelsen,Laurene.Nelsen@gopmail.com,Senior Software Specliasits
238,Bettine,Erminia,Bettine.Erminia@gopmail.com,HR Speclialists 
239,Paola,My,Paola.My@gopmail.com,Senior Software Specliasits
240,Merle,Helfand,Merle.Helfand@gopmail.com,Software Engineer
241,Tracey,Winnick,Tracey.Winnick@gopmail.com,HR Speclialists 
242,Taffy,Evangelia,Taffy.Evangelia@gopmail.com,Sales Specialists
243,Angela,Kaja,Angela.Kaja@gopmail.com,Sales Specialists
244,Joleen,Ajay,Joleen.Ajay@gopmail.com,Senior Software Developer
245,Antonietta,Scammon,Antonietta.Scammon@gopmail.com,Software Developer
246,Leona,Kazimir,Leona.Kazimir@gopmail.com,Senior Software Developer
247,Fidelia,Joseph,Fidelia.Joseph@gopmail.com,Senior Software Specliasits
248,Elise,Suanne,Elise.Suanne@gopmail.com,HR Speclialists 
249,June,Mott,June.Mott@gopmail.com,HR Speclialists 
250,Kirbee,Rona,Kirbee.Rona@gopmail.com,Software Engineer
251,Lorne,Aaberg,Lorne.Aaberg@gopmail.com,Senior Software Developer
252,Yolane,Destinee,Yolane.Destinee@gopmail.com,Software Developer
253,Wanda,Gaal,Wanda.Gaal@gopmail.com,HR Speclialists 
254,Paule,Nelsen,Paule.Nelsen@gopmail.com,Senior Software Specliasits
255,Letizia,Neils,Letizia.Neils@gopmail.com,Software Developer
256,Annaliese,Zeeba,Annaliese.Zeeba@gopmail.com,HR Speclialists 
257,Allyce,Raul,Allyce.Raul@gopmail.com,Software Developer
258,Antonietta,Kussell,Antonietta.Kussell@gopmail.com,Software Developer
259,Julieta,Klotz,Julieta.Klotz@gopmail.com,Senior Software Specliasits
260,Maryellen,Genna,Maryellen.Genna@gopmail.com,Software Engineer
261,Doro,Cutlerr,Doro.Cutlerr@gopmail.com,Senior Software Developer
262,Jolyn,Jacqui,Jolyn.Jacqui@gopmail.com,Software Developer
263,Cacilie,Hilbert,Cacilie.Hilbert@gopmail.com,Software Developer
264,Kittie,Morgun,Kittie.Morgun@gopmail.com,HR Speclialists 
265,Maud,Creamer,Maud.Creamer@gopmail.com,Software Developer
266,Sara-Ann,Chobot,Sara-Ann.Chobot@gopmail.com,Sales Specialists
267,Daphne,Garlinda,Daphne.Garlinda@gopmail.com,Senior Software Specliasits
268,Sheelagh,Toffic,Sheelagh.Toffic@gopmail.com,HR Speclialists 
269,Celestyna,Agle,Celestyna.Agle@gopmail.com,HR Speclialists 
270,Carmencita,Han,Carmencita.Han@gopmail.com,Software Developer
271,Marline,Emerson,Marline.Emerson@gopmail.com,Sales Specialists
272,Demetris,Alcott,Demetris.Alcott@gopmail.com,Software Developer
273,Cristine,Pillsbury,Cristine.Pillsbury@gopmail.com,Senior Software Specliasits
274,Lilith,Eckblad,Lilith.Eckblad@gopmail.com,Sales Specialists
275,Ofilia,Jalbert,Ofilia.Jalbert@gopmail.com,Software Developer
276,Constance,Pauly,Constance.Pauly@gopmail.com,HR Speclialists 
277,Marika,Douglass,Marika.Douglass@gopmail.com,Software Engineer
278,Averyl,Saree,Averyl.Saree@gopmail.com,Senior Software Developer
279,Magdalena,Gaspard,Magdalena.Gaspard@gopmail.com,Software Developer
280,Cyb,Nester,Cyb.Nester@gopmail.com,HR Speclialists 
281,Jennica,Pernick,Jennica.Pernick@gopmail.com,Senior Software Developer
282,Jennica,Hebner,Jennica.Hebner@gopmail.com,Senior Software Specliasits
283,Leeanne,Yerkovich,Leeanne.Yerkovich@gopmail.com,Sales Specialists
284,Sindee,Clara,Sindee.Clara@gopmail.com,Sales Specialists
285,Kore,Halsey,Kore.Halsey@gopmail.com,Software Developer
286,Joleen,Kermit,Joleen.Kermit@gopmail.com,Software Engineer
287,Bibby,Hoban,Bibby.Hoban@gopmail.com,HR Speclialists 
288,Maye,Uund,Maye.Uund@gopmail.com,Senior Software Specliasits
289,Marti,Fulmer,Marti.Fulmer@gopmail.com,Software Developer
290,Cassandra,Colp,Cassandra.Colp@gopmail.com,HR Speclialists 
291,Dione,Zenas,Dione.Zenas@gopmail.com,Senior Software Developer
292,Nollie,Mintz,Nollie.Mintz@gopmail.com,HR Speclialists 
293,Joceline,Merriott,Joceline.Merriott@gopmail.com,Senior Software Specliasits
294,Candi,Francyne,Candi.Francyne@gopmail.com,HR Speclialists 
295,Amalie,Sundin,Amalie.Sundin@gopmail.com,Senior Software Developer
296,Adore,Clywd,Adore.Clywd@gopmail.com,Senior Software Specliasits
297,Albertina,Frendel,Albertina.Frendel@gopmail.com,Software Developer
298,Genovera,Izaak,Genovera.Izaak@gopmail.com,Senior Software Developer
299,Marcy,Sharl,Marcy.Sharl@gopmail.com,Software Engineer
300,Janey,Wenoa,Janey.Wenoa@gopmail.com,Software Engineer
301,Cristabel,Helve,Cristabel.Helve@gopmail.com,Software Engineer
302,Lonnie,Federica,Lonnie.Federica@gopmail.com,Software Developer
303,Vita,Ezar,Vita.Ezar@gopmail.com,Senior Software Developer
304,Clementine,Macey,Clementine.Macey@gopmail.com,Sales Specialists
305,Selia,Dunkin,Selia.Dunkin@gopmail.com,Senior Software Specliasits
306,Marinna,Hurley,Marinna.Hurley@gopmail.com,Senior Software Specliasits
307,Andree,Devlen,Andree.Devlen@gopmail.com,Software Developer
308,Teddie,Auberbach,Teddie.Auberbach@gopmail.com,Sales Specialists
309,Alisha,Katrine,Alisha.Katrine@gopmail.com,Software Engineer
310,Nelle,Odell,Nelle.Odell@gopmail.com,Software Engineer
311,Mildrid,Hillel,Mildrid.Hillel@gopmail.com,Software Engineer
312,Nananne,Kress,Nananne.Kress@gopmail.com,Senior Software Specliasits
313,Edyth,Toffic,Edyth.Toffic@gopmail.com,HR Speclialists 
314,Arlena,Shaver,Arlena.Shaver@gopmail.com,Senior Software Developer
315,Nyssa,Idelia,Nyssa.Idelia@gopmail.com,Senior Software Specliasits
316,Siana,Silvan,Siana.Silvan@gopmail.com,Senior Software Specliasits
317,Madalyn,Ellord,Madalyn.Ellord@gopmail.com,Senior Software Developer
318,Lynnea,Ludewig,Lynnea.Ludewig@gopmail.com,Software Engineer
319,Nicoli,Alice,Nicoli.Alice@gopmail.com,Senior Software Developer
320,Bibby,Anselmi,Bibby.Anselmi@gopmail.com,Sales Specialists
321,Andeee,Lay,Andeee.Lay@gopmail.com,Software Engineer
322,Thalia,Kiersten,Thalia.Kiersten@gopmail.com,HR Speclialists 
323,Kamilah,Kiyoshi,Kamilah.Kiyoshi@gopmail.com,HR Speclialists 
324,Corly,Ardeha,Corly.Ardeha@gopmail.com,Sales Specialists
325,Elbertina,Deny,Elbertina.Deny@gopmail.com,Software Engineer
326,Ekaterina,Raul,Ekaterina.Raul@gopmail.com,Sales Specialists
327,Georgina,Shelba,Georgina.Shelba@gopmail.com,Senior Software Specliasits
328,Nessie,Boycey,Nessie.Boycey@gopmail.com,Software Developer
329,Jeanna,Melleta,Jeanna.Melleta@gopmail.com,Sales Specialists
330,Ottilie,Teddman,Ottilie.Teddman@gopmail.com,Sales Specialists
331,Annabela,Eachern,Annabela.Eachern@gopmail.com,Software Developer
332,Allis,Sacken,Allis.Sacken@gopmail.com,Software Engineer
333,Raina,Tryck,Raina.Tryck@gopmail.com,Software Engineer
334,Tiffie,Lowry,Tiffie.Lowry@gopmail.com,Software Engineer
335,Cristabel,Greenwald,Cristabel.Greenwald@gopmail.com,Sales Specialists
336,Isa,Schalles,Isa.Schalles@gopmail.com,Sales Specialists
337,Ashlee,Sothena,Ashlee.Sothena@gopmail.com,Senior Software Specliasits
338,Valeda,Mayeda,Valeda.Mayeda@gopmail.com,Software Engineer
339,Natka,Harriman,Natka.Harriman@gopmail.com,Senior Software Specliasits
340,Celisse,Hertzfeld,Celisse.Hertzfeld@gopmail.com,Software Developer
341,Starla,Grosz,Starla.Grosz@gopmail.com,Sales Specialists
342,Elfreda,Cookie,Elfreda.Cookie@gopmail.com,Software Engineer
343,Dari,Dahlia,Dari.Dahlia@gopmail.com,Software Engineer
344,Kalina,Cookie,Kalina.Cookie@gopmail.com,Software Developer
345,Angela,Breed,Angela.Breed@gopmail.com,Senior Software Developer
346,Arabel,Papageno,Arabel.Papageno@gopmail.com,Senior Software Developer
347,June,Levey,June.Levey@gopmail.com,Senior Software Developer
348,Cindelyn,Ashok,Cindelyn.Ashok@gopmail.com,Software Engineer
349,Selia,Fredi,Selia.Fredi@gopmail.com,Senior Software Developer
350,Hettie,Erich,Hettie.Erich@gopmail.com,Senior Software Developer
351,Almeta,Gower,Almeta.Gower@gopmail.com,Software Developer
352,Esmeralda,Vins,Esmeralda.Vins@gopmail.com,Software Developer
353,Alyda,Cookie,Alyda.Cookie@gopmail.com,HR Speclialists 
354,Trixi,Paton,Trixi.Paton@gopmail.com,Software Engineer
355,Jorry,Percy,Jorry.Percy@gopmail.com,Software Engineer
356,Regina,Magdalen,Regina.Magdalen@gopmail.com,HR Speclialists 
357,Flo,Meter,Flo.Meter@gopmail.com,Sales Specialists
358,Hannis,Cloris,Hannis.Cloris@gopmail.com,Senior Software Developer
359,Codie,Diogenes,Codie.Diogenes@gopmail.com,Senior Software Developer
360,Modestia,Nester,Modestia.Nester@gopmail.com,Software Developer
361,Minda,Andrel,Minda.Andrel@gopmail.com,Software Developer
362,Amara,Kunin,Amara.Kunin@gopmail.com,Senior Software Developer
363,Nariko,Grimbly,Nariko.Grimbly@gopmail.com,Sales Specialists
364,Maisey,Ax,Maisey.Ax@gopmail.com,Senior Software Developer
365,Valli,Khorma,Valli.Khorma@gopmail.com,Software Developer
366,Phylis,Regan,Phylis.Regan@gopmail.com,Senior Software Developer
367,Kirstin,Lewes,Kirstin.Lewes@gopmail.com,Software Developer
368,Korrie,Marcellus,Korrie.Marcellus@gopmail.com,HR Speclialists 
369,Lynde,Raama,Lynde.Raama@gopmail.com,HR Speclialists 
370,Mady,Pillsbury,Mady.Pillsbury@gopmail.com,Senior Software Specliasits
371,Josephine,Francene,Josephine.Francene@gopmail.com,Software Developer
372,Fredericka,Naor,Fredericka.Naor@gopmail.com,Software Engineer
373,Demetris,Judye,Demetris.Judye@gopmail.com,Software Engineer
374,Silvana,Silvan,Silvana.Silvan@gopmail.com,Software Developer
375,Verla,Kat,Verla.Kat@gopmail.com,Software Engineer
376,Karina,Hachmin,Karina.Hachmin@gopmail.com,Software Engineer
377,Rozele,Horan,Rozele.Horan@gopmail.com,Senior Software Specliasits
378,Nelle,Zeeba,Nelle.Zeeba@gopmail.com,Software Engineer
379,Gisela,Vivle,Gisela.Vivle@gopmail.com,Software Developer
380,Berget,Suk,Berget.Suk@gopmail.com,Senior Software Developer
381,Lilith,Tice,Lilith.Tice@gopmail.com,Software Engineer
382,Harmonia,Penelopa,Harmonia.Penelopa@gopmail.com,HR Speclialists 
383,Emmey,Destinee,Emmey.Destinee@gopmail.com,HR Speclialists 
384,Starla,Arne,Starla.Arne@gopmail.com,Senior Software Specliasits
385,Shannah,Soneson,Shannah.Soneson@gopmail.com,Senior Software Developer
386,Jacenta,Kauppi,Jacenta.Kauppi@gopmail.com,Software Developer
387,Charissa,Thomasina,Charissa.Thomasina@gopmail.com,Senior Software Specliasits
388,Rosabelle,Ortrude,Rosabelle.Ortrude@gopmail.com,Sales Specialists
389,Alexine,Orelee,Alexine.Orelee@gopmail.com,Software Engineer
390,Genovera,Clarissa,Genovera.Clarissa@gopmail.com,Software Developer
391,Diena,Kosey,Diena.Kosey@gopmail.com,Software Developer
392,Gratia,LaRue,Gratia.LaRue@gopmail.com,Senior Software Developer
393,Ira,Buttaro,Ira.Buttaro@gopmail.com,Senior Software Developer
394,Konstance,Tyson,Konstance.Tyson@gopmail.com,Senior Software Specliasits
395,Carlie,Geffner,Carlie.Geffner@gopmail.com,Sales Specialists
396,Gilda,Robertson,Gilda.Robertson@gopmail.com,Senior Software Specliasits
397,Amelia,Emerson,Amelia.Emerson@gopmail.com,HR Speclialists 
398,Konstance,Manolo,Konstance.Manolo@gopmail.com,Senior Software Specliasits
399,Donetta,Decato,Donetta.Decato@gopmail.com,Sales Specialists
400,Yolane,Yoko,Yolane.Yoko@gopmail.com,Senior Software Specliasits
401,Renie,Hamil,Renie.Hamil@gopmail.com,Software Engineer
402,Cacilie,Eckblad,Cacilie.Eckblad@gopmail.com,Senior Software Specliasits
403,Roseline,Hylan,Roseline.Hylan@gopmail.com,Senior Software Developer
404,Margette,Wenda,Margette.Wenda@gopmail.com,Senior Software Specliasits
405,Gui,Fitzsimmons,Gui.Fitzsimmons@gopmail.com,Software Developer
406,Doralynne,Lipson,Doralynne.Lipson@gopmail.com,Senior Software Developer
407,Rochette,Havens,Rochette.Havens@gopmail.com,Senior Software Developer
408,Cissiee,Baylor,Cissiee.Baylor@gopmail.com,HR Speclialists 
409,Katuscha,Suanne,Katuscha.Suanne@gopmail.com,Software Developer
410,Althea,Jobi,Althea.Jobi@gopmail.com,Senior Software Developer
411,Ketti,Ricarda,Ketti.Ricarda@gopmail.com,Sales Specialists
412,Gale,Flita,Gale.Flita@gopmail.com,Software Engineer
413,Xylina,Weitman,Xylina.Weitman@gopmail.com,Senior Software Specliasits
414,Fred,Kazimir,Fred.Kazimir@gopmail.com,Senior Software Developer
415,Linzy,Macey,Linzy.Macey@gopmail.com,Sales Specialists
416,Edith,Nisbet,Edith.Nisbet@gopmail.com,Sales Specialists
417,Emma,Brieta,Emma.Brieta@gopmail.com,Senior Software Developer
418,Alyssa,Norrie,Alyssa.Norrie@gopmail.com,Sales Specialists
419,Bibby,Harned,Bibby.Harned@gopmail.com,Senior Software Specliasits
420,Susette,Kendrick,Susette.Kendrick@gopmail.com,HR Speclialists 
421,Dorthy,Chick,Dorthy.Chick@gopmail.com,Senior Software Specliasits
422,Robbi,Kiyoshi,Robbi.Kiyoshi@gopmail.com,Software Engineer
423,Vita,My,Vita.My@gopmail.com,Senior Software Specliasits
424,Henriette,Turne,Henriette.Turne@gopmail.com,Sales Specialists
425,Carmencita,Jefferey,Carmencita.Jefferey@gopmail.com,Senior Software Specliasits
426,Jemie,Rodmann,Jemie.Rodmann@gopmail.com,Senior Software Specliasits
427,Tomasina,Yuille,Tomasina.Yuille@gopmail.com,Senior Software Developer
428,Dolli,Stav,Dolli.Stav@gopmail.com,Senior Software Developer
429,Mady,Thar,Mady.Thar@gopmail.com,Software Engineer
430,Dania,Allys,Dania.Allys@gopmail.com,HR Speclialists 
431,Sherrie,Ailyn,Sherrie.Ailyn@gopmail.com,Software Developer
432,Steffane,Hepsibah,Steffane.Hepsibah@gopmail.com,Software Engineer
433,Diena,Stanwood,Diena.Stanwood@gopmail.com,Sales Specialists
434,Bobinette,Burnside,Bobinette.Burnside@gopmail.com,Senior Software Specliasits
435,Jobi,Eliathas,Jobi.Eliathas@gopmail.com,HR Speclialists 
436,Mathilda,Sheng,Mathilda.Sheng@gopmail.com,Software Developer
437,Fayre,Fredi,Fayre.Fredi@gopmail.com,Software Engineer
438,Merci,Horan,Merci.Horan@gopmail.com,HR Speclialists 
439,Aili,Obed,Aili.Obed@gopmail.com,HR Speclialists 
440,Beth,Carlson,Beth.Carlson@gopmail.com,HR Speclialists 
441,Flory,Ardeha,Flory.Ardeha@gopmail.com,Senior Software Developer
442,Cyndie,Wenoa,Cyndie.Wenoa@gopmail.com,Software Developer
443,Adore,Hepsibah,Adore.Hepsibah@gopmail.com,Senior Software Developer
444,Grier,Lane,Grier.Lane@gopmail.com,Senior Software Developer
445,Atlanta,Zeeba,Atlanta.Zeeba@gopmail.com,HR Speclialists 
446,Eolanda,Mandler,Eolanda.Mandler@gopmail.com,Senior Software Specliasits
447,Gavrielle,Giule,Gavrielle.Giule@gopmail.com,Software Engineer
448,Celisse,Vacuva,Celisse.Vacuva@gopmail.com,Software Engineer
449,Tracey,Rillings,Tracey.Rillings@gopmail.com,HR Speclialists 
450,Wilma,Read,Wilma.Read@gopmail.com,Sales Specialists
451,Tierney,Saint,Tierney.Saint@gopmail.com,HR Speclialists 
452,Nessie,Noam,Nessie.Noam@gopmail.com,Senior Software Developer
453,Jerry,Bettine,Jerry.Bettine@gopmail.com,HR Speclialists 
454,Raquela,Oscar,Raquela.Oscar@gopmail.com,Software Engineer
455,Keelia,Pauly,Keelia.Pauly@gopmail.com,Software Developer
456,Karena,Heidt,Karena.Heidt@gopmail.com,Software Engineer
457,Frieda,Lindemann,Frieda.Lindemann@gopmail.com,Software Developer
458,Adelle,Philipp,Adelle.Philipp@gopmail.com,Sales Specialists
459,Viviene,Rillings,Viviene.Rillings@gopmail.com,Software Developer
460,Belva,Tayib,Belva.Tayib@gopmail.com,Senior Software Developer
461,Cathyleen,Gerge,Cathyleen.Gerge@gopmail.com,Software Developer
462,Diena,Annabella,Diena.Annabella@gopmail.com,Senior Software Specliasits
463,Hettie,Kendrick,Hettie.Kendrick@gopmail.com,Sales Specialists
464,Margalo,Flyn,Margalo.Flyn@gopmail.com,Software Developer
465,Jere,Sperling,Jere.Sperling@gopmail.com,Senior Software Developer
466,Maryellen,Modie,Maryellen.Modie@gopmail.com,Senior Software Developer
467,Andeee,Wildermuth,Andeee.Wildermuth@gopmail.com,Software Engineer
468,Jenda,Serilda,Jenda.Serilda@gopmail.com,Sales Specialists
469,Chere,Verger,Chere.Verger@gopmail.com,Senior Software Developer
470,Lorie,Fairweather,Lorie.Fairweather@gopmail.com,Senior Software Developer
471,Viki,Bronk,Viki.Bronk@gopmail.com,Senior Software Specliasits
472,Jobi,Giff,Jobi.Giff@gopmail.com,Software Engineer
473,Kittie,Ellord,Kittie.Ellord@gopmail.com,Senior Software Developer
474,Fidelia,Donoghue,Fidelia.Donoghue@gopmail.com,Senior Software Developer
475,Queenie,Pauly,Queenie.Pauly@gopmail.com,Software Developer
476,Blake,Thema,Blake.Thema@gopmail.com,Software Engineer
477,Ernesta,Baptlsta,Ernesta.Baptlsta@gopmail.com,Software Engineer
478,Basia,Fosque,Basia.Fosque@gopmail.com,HR Speclialists 
479,Jasmina,Old,Jasmina.Old@gopmail.com,Sales Specialists
480,Lacie,Revkah,Lacie.Revkah@gopmail.com,Software Developer
481,Cordi,Sheedy,Cordi.Sheedy@gopmail.com,Software Engineer
482,Rozele,Secrest,Rozele.Secrest@gopmail.com,Software Engineer
483,Cyndie,Hieronymus,Cyndie.Hieronymus@gopmail.com,Senior Software Specliasits
484,Rhoda,Anton,Rhoda.Anton@gopmail.com,Sales Specialists
485,Karly,Armanda,Karly.Armanda@gopmail.com,HR Speclialists 
486,Kathy,Berne,Kathy.Berne@gopmail.com,Software Engineer
487,Lucille,Millda,Lucille.Millda@gopmail.com,Senior Software Specliasits
488,Aurore,Dimitris,Aurore.Dimitris@gopmail.com,Senior Software Specliasits
489,Therine,Romelda,Therine.Romelda@gopmail.com,HR Speclialists 
490,Dari,Calhoun,Dari.Calhoun@gopmail.com,Senior Software Specliasits
491,Kerrin,Celestine,Kerrin.Celestine@gopmail.com,Software Developer
492,Cecile,Honoria,Cecile.Honoria@gopmail.com,Software Engineer
493,Cathyleen,Brady,Cathyleen.Brady@gopmail.com,Sales Specialists
494,Leona,Wenda,Leona.Wenda@gopmail.com,Software Engineer
495,Gusella,Lucienne,Gusella.Lucienne@gopmail.com,Software Engineer
496,Stevana,Anton,Stevana.Anton@gopmail.com,HR Speclialists 
497,Elka,Ferrell,Elka.Ferrell@gopmail.com,Software Engineer
498,Georgetta,Anyah,Georgetta.Anyah@gopmail.com,Senior Software Developer
499,Lynnea,Corrine,Lynnea.Corrine@gopmail.com,Software Engineer
500,Etta,Aurelio,Etta.Aurelio@gopmail.com,Senior Software Developer
501,Charmaine,Dash,Charmaine.Dash@gopmail.com,Software Developer
502,Jaclyn,Richers,Jaclyn.Richers@gopmail.com,Senior Software Specliasits
503,Larine,Bashemeth,Larine.Bashemeth@gopmail.com,Sales Specialists
504,Debee,Alva,Debee.Alva@gopmail.com,Senior Software Developer
505,Gaylene,Teryn,Gaylene.Teryn@gopmail.com,Software Developer
506,Mildrid,Girardo,Mildrid.Girardo@gopmail.com,Senior Software Specliasits
507,Nananne,Behre,Nananne.Behre@gopmail.com,Software Engineer
508,Elena,Xerxes,Elena.Xerxes@gopmail.com,HR Speclialists 
509,Selma,Toni,Selma.Toni@gopmail.com,Senior Software Specliasits
510,Loree,Clywd,Loree.Clywd@gopmail.com,Senior Software Specliasits
511,Kore,Dudley,Kore.Dudley@gopmail.com,HR Speclialists 
512,Vita,Carleen,Vita.Carleen@gopmail.com,Senior Software Specliasits
513,Thalia,Erskine,Thalia.Erskine@gopmail.com,Software Developer
514,Merci,Yerkovich,Merci.Yerkovich@gopmail.com,Senior Software Developer
515,Ricky,Breed,Ricky.Breed@gopmail.com,Senior Software Specliasits
516,Winny,Lytton,Winny.Lytton@gopmail.com,HR Speclialists 
517,Gratia,Swigart,Gratia.Swigart@gopmail.com,Software Engineer
518,Tressa,Liva,Tressa.Liva@gopmail.com,Software Developer
519,Annaliese,Dominy,Annaliese.Dominy@gopmail.com,HR Speclialists 
520,Emmey,Frendel,Emmey.Frendel@gopmail.com,HR Speclialists 
521,Loree,Campball,Loree.Campball@gopmail.com,Sales Specialists
522,Vere,Si,Vere.Si@gopmail.com,Senior Software Developer
523,Molli,Mintz,Molli.Mintz@gopmail.com,HR Speclialists 
524,Belinda,McClimans,Belinda.McClimans@gopmail.com,Software Developer
525,Elyssa,Schroth,Elyssa.Schroth@gopmail.com,Software Engineer
526,Valli,Warthman,Valli.Warthman@gopmail.com,Senior Software Specliasits
527,Viviene,Janene,Viviene.Janene@gopmail.com,Sales Specialists
528,Hayley,Cloris,Hayley.Cloris@gopmail.com,Software Developer
529,Elyssa,Behre,Elyssa.Behre@gopmail.com,Senior Software Developer
530,Regina,Kelula,Regina.Kelula@gopmail.com,Senior Software Developer
531,Florencia,Plato,Florencia.Plato@gopmail.com,Sales Specialists
532,Shannah,Frodi,Shannah.Frodi@gopmail.com,Software Developer
533,Dorthy,Carlson,Dorthy.Carlson@gopmail.com,Senior Software Developer
534,Ashlee,Raimondo,Ashlee.Raimondo@gopmail.com,Senior Software Developer
535,Susan,Gower,Susan.Gower@gopmail.com,Sales Specialists
536,Edyth,Alcott,Edyth.Alcott@gopmail.com,Sales Specialists
537,Leeanne,Albertine,Leeanne.Albertine@gopmail.com,Software Developer
538,Carmencita,Cosenza,Carmencita.Cosenza@gopmail.com,Sales Specialists
539,Aurelie,Infield,Aurelie.Infield@gopmail.com,Software Developer
540,Tamqrah,Stav,Tamqrah.Stav@gopmail.com,Software Developer
541,Melodie,Aprile,Melodie.Aprile@gopmail.com,Sales Specialists
542,Olwen,Peti,Olwen.Peti@gopmail.com,Software Developer
543,Madelle,Hanleigh,Madelle.Hanleigh@gopmail.com,HR Speclialists 
544,Candy,Erskine,Candy.Erskine@gopmail.com,Software Developer
545,Liana,Eliathas,Liana.Eliathas@gopmail.com,Senior Software Specliasits
546,Lorenza,Wiener,Lorenza.Wiener@gopmail.com,Software Engineer
547,Correy,Schonfeld,Correy.Schonfeld@gopmail.com,Software Developer
548,Katuscha,Ludewig,Katuscha.Ludewig@gopmail.com,HR Speclialists 
549,Collen,Pitt,Collen.Pitt@gopmail.com,HR Speclialists 
550,Collen,Iiette,Collen.Iiette@gopmail.com,Software Engineer
551,Jasmina,Ursulette,Jasmina.Ursulette@gopmail.com,Software Developer
552,Laure,McLaughlin,Laure.McLaughlin@gopmail.com,Software Developer
553,Trixi,Vary,Trixi.Vary@gopmail.com,HR Speclialists 
554,Blinni,Milson,Blinni.Milson@gopmail.com,HR Speclialists 
555,Georgina,An,Georgina.An@gopmail.com,Sales Specialists
556,Ebonee,Corabella,Ebonee.Corabella@gopmail.com,Senior Software Developer
557,Kenna,Tamsky,Kenna.Tamsky@gopmail.com,Senior Software Specliasits
558,Evaleen,Kinnard,Evaleen.Kinnard@gopmail.com,Software Developer
559,Vonny,Andrel,Vonny.Andrel@gopmail.com,Senior Software Specliasits
560,Robbi,Telfer,Robbi.Telfer@gopmail.com,Senior Software Specliasits
561,Celisse,Laurianne,Celisse.Laurianne@gopmail.com,Software Engineer
562,Louella,Connelly,Louella.Connelly@gopmail.com,Sales Specialists
563,Shirlee,Dannye,Shirlee.Dannye@gopmail.com,Senior Software Specliasits
564,Brandise,Edison,Brandise.Edison@gopmail.com,Software Engineer
565,Ekaterina,Donoghue,Ekaterina.Donoghue@gopmail.com,Software Engineer
566,Barbi,Pitt,Barbi.Pitt@gopmail.com,Senior Software Specliasits
567,Fred,Orpah,Fred.Orpah@gopmail.com,HR Speclialists 
568,Hallie,Taam,Hallie.Taam@gopmail.com,HR Speclialists 
569,Frieda,Hortensia,Frieda.Hortensia@gopmail.com,Software Developer
570,Perry,Bibi,Perry.Bibi@gopmail.com,Sales Specialists
571,Clementine,Clara,Clementine.Clara@gopmail.com,Senior Software Specliasits
572,Diena,Greenwald,Diena.Greenwald@gopmail.com,Senior Software Specliasits
573,Di,Ludewig,Di.Ludewig@gopmail.com,Software Developer
574,Edee,Timon,Edee.Timon@gopmail.com,Senior Software Specliasits
575,Gratia,Tamar,Gratia.Tamar@gopmail.com,Software Developer
576,Lorne,Khorma,Lorne.Khorma@gopmail.com,Senior Software Specliasits
577,Roxane,Toni,Roxane.Toni@gopmail.com,Sales Specialists
578,Desirae,Konyn,Desirae.Konyn@gopmail.com,Software Engineer
579,Modestia,Sinegold,Modestia.Sinegold@gopmail.com,HR Speclialists 
580,Minne,O'Neill,Minne.O'Neill@gopmail.com,Sales Specialists
581,Rozele,Sherrie,Rozele.Sherrie@gopmail.com,Software Developer
582,Susan,Tatianas,Susan.Tatianas@gopmail.com,Senior Software Developer
583,Charmaine,Boycey,Charmaine.Boycey@gopmail.com,Senior Software Specliasits
584,Sherrie,Concha,Sherrie.Concha@gopmail.com,Sales Specialists
585,Noelle,An,Noelle.An@gopmail.com,Senior Software Developer
586,Adore,Seessel,Adore.Seessel@gopmail.com,Software Engineer
587,Willetta,Dermott,Willetta.Dermott@gopmail.com,Sales Specialists
588,Frank,Toffic,Frank.Toffic@gopmail.com,Senior Software Specliasits
589,Nataline,Leopold,Nataline.Leopold@gopmail.com,Senior Software Specliasits
590,Marylou,Beniamino,Marylou.Beniamino@gopmail.com,Software Developer
591,Pamella,Kaete,Pamella.Kaete@gopmail.com,HR Speclialists 
592,Sharlene,Tillford,Sharlene.Tillford@gopmail.com,Senior Software Specliasits
593,Grier,Karna,Grier.Karna@gopmail.com,Software Developer
594,Dode,Faro,Dode.Faro@gopmail.com,Software Developer
595,Delilah,Raffo,Delilah.Raffo@gopmail.com,Senior Software Specliasits
596,Miquela,Lail,Miquela.Lail@gopmail.com,Software Engineer
597,Berget,Stilwell,Berget.Stilwell@gopmail.com,Software Developer
598,Pamella,Bibi,Pamella.Bibi@gopmail.com,Sales Specialists
599,Babita,Jerald,Babita.Jerald@gopmail.com,Software Engineer
600,Rayna,Hylan,Rayna.Hylan@gopmail.com,Senior Software Specliasits
601,Vere,Hortensia,Vere.Hortensia@gopmail.com,Software Engineer
602,Letizia,Cressida,Letizia.Cressida@gopmail.com,Senior Software Developer
603,Dolli,Wandie,Dolli.Wandie@gopmail.com,Sales Specialists
604,Elora,Xerxes,Elora.Xerxes@gopmail.com,Sales Specialists
605,Mallory,Rhu,Mallory.Rhu@gopmail.com,HR Speclialists 
606,Leona,Manolo,Leona.Manolo@gopmail.com,Software Developer
607,Teddie,Lanita,Teddie.Lanita@gopmail.com,HR Speclialists 
608,Emmey,Angelis,Emmey.Angelis@gopmail.com,Software Developer
609,Lorie,Bates,Lorie.Bates@gopmail.com,Sales Specialists
610,Alyda,MacIntosh,Alyda.MacIntosh@gopmail.com,Software Developer
611,Rani,Noam,Rani.Noam@gopmail.com,Senior Software Specliasits
612,Kelly,Buttaro,Kelly.Buttaro@gopmail.com,Software Engineer
613,Doralynne,Atcliffe,Doralynne.Atcliffe@gopmail.com,HR Speclialists 
614,Zsa Zsa,Chobot,Zsa Zsa.Chobot@gopmail.com,HR Speclialists 
615,Rivalee,Brunell,Rivalee.Brunell@gopmail.com,Senior Software Developer
616,Fina,Valerio,Fina.Valerio@gopmail.com,Software Developer
617,Dulcinea,Devlen,Dulcinea.Devlen@gopmail.com,Senior Software Specliasits
618,Therine,Radu,Therine.Radu@gopmail.com,Sales Specialists
619,Bobinette,Kirbee,Bobinette.Kirbee@gopmail.com,Sales Specialists
620,Cyndie,Kelula,Cyndie.Kelula@gopmail.com,Software Developer
621,Eve,Rillings,Eve.Rillings@gopmail.com,Senior Software Developer
622,Angelique,Bultman,Angelique.Bultman@gopmail.com,Software Engineer
623,Audrie,Cottle,Audrie.Cottle@gopmail.com,Senior Software Specliasits
624,Ashlee,Hewitt,Ashlee.Hewitt@gopmail.com,Senior Software Developer
625,Leontine,Anselmi,Leontine.Anselmi@gopmail.com,HR Speclialists 
626,Britte,Brandice,Britte.Brandice@gopmail.com,Senior Software Developer
627,Nannie,Brieta,Nannie.Brieta@gopmail.com,Senior Software Developer
628,Viki,Gilbertson,Viki.Gilbertson@gopmail.com,Sales Specialists
629,Dorothy,Morgun,Dorothy.Morgun@gopmail.com,Senior Software Developer
630,Clary,Ricki,Clary.Ricki@gopmail.com,Senior Software Developer
631,Addia,Manolo,Addia.Manolo@gopmail.com,Sales Specialists
632,Fanchon,Bach,Fanchon.Bach@gopmail.com,Senior Software Developer
633,Allyce,Arquit,Allyce.Arquit@gopmail.com,Sales Specialists
634,Judy,Florina,Judy.Florina@gopmail.com,HR Speclialists 
635,Chere,Kenwood,Chere.Kenwood@gopmail.com,HR Speclialists 
636,Marita,Westphal,Marita.Westphal@gopmail.com,Software Developer
637,Alie,Anton,Alie.Anton@gopmail.com,Senior Software Specliasits
638,Addia,Carolin,Addia.Carolin@gopmail.com,Senior Software Specliasits
639,Neila,McClimans,Neila.McClimans@gopmail.com,Senior Software Specliasits
640,Alia,Bashemeth,Alia.Bashemeth@gopmail.com,HR Speclialists 
641,Natka,Brackely,Natka.Brackely@gopmail.com,Software Developer
642,Ottilie,Alfons,Ottilie.Alfons@gopmail.com,Senior Software Specliasits
643,Arabel,Engdahl,Arabel.Engdahl@gopmail.com,Software Engineer
644,Siana,Garrison,Siana.Garrison@gopmail.com,Senior Software Developer
645,Laurene,Bevin,Laurene.Bevin@gopmail.com,Software Engineer
646,Tiffie,Poll,Tiffie.Poll@gopmail.com,Senior Software Developer
647,Sherrie,Raychel,Sherrie.Raychel@gopmail.com,Senior Software Specliasits
648,Orsola,Lenny,Orsola.Lenny@gopmail.com,HR Speclialists 
649,Cam,Stuart,Cam.Stuart@gopmail.com,HR Speclialists 
650,Marita,Wattenberg,Marita.Wattenberg@gopmail.com,Software Developer
651,Ardenia,Millda,Ardenia.Millda@gopmail.com,Sales Specialists
652,Mary,Winthorpe,Mary.Winthorpe@gopmail.com,Software Developer
653,Correy,Tremayne,Correy.Tremayne@gopmail.com,Senior Software Specliasits
654,Heddie,Thunell,Heddie.Thunell@gopmail.com,Senior Software Specliasits
655,Lita,Trinetta,Lita.Trinetta@gopmail.com,Sales Specialists
656,Priscilla,Henebry,Priscilla.Henebry@gopmail.com,HR Speclialists 
657,Dania,Georgy,Dania.Georgy@gopmail.com,Senior Software Developer
658,Eolanda,Guildroy,Eolanda.Guildroy@gopmail.com,HR Speclialists 
659,Sabina,Tiffa,Sabina.Tiffa@gopmail.com,Software Developer
660,Chloris,Mauer,Chloris.Mauer@gopmail.com,Software Engineer
661,Bertine,August,Bertine.August@gopmail.com,Senior Software Specliasits
662,Cecile,Faust,Cecile.Faust@gopmail.com,HR Speclialists 
663,Charmaine,Parette,Charmaine.Parette@gopmail.com,Software Engineer
664,Candi,Friede,Candi.Friede@gopmail.com,Software Engineer
665,Lynea,Payson,Lynea.Payson@gopmail.com,Sales Specialists
666,Frank,Capello,Frank.Capello@gopmail.com,Software Engineer
667,Cecile,Voletta,Cecile.Voletta@gopmail.com,Senior Software Specliasits
668,Mady,Louanna,Mady.Louanna@gopmail.com,Software Developer
669,Arabel,Aldric,Arabel.Aldric@gopmail.com,Software Engineer
670,Celisse,Center,Celisse.Center@gopmail.com,Senior Software Specliasits
671,Glynnis,Gower,Glynnis.Gower@gopmail.com,HR Speclialists 
672,Malina,Ranjiv,Malina.Ranjiv@gopmail.com,Senior Software Specliasits
673,Lexine,Neils,Lexine.Neils@gopmail.com,Software Engineer
674,Clary,Wyn,Clary.Wyn@gopmail.com,HR Speclialists 
675,Mariele,Peonir,Mariele.Peonir@gopmail.com,Senior Software Developer
676,Madalyn,MacIntosh,Madalyn.MacIntosh@gopmail.com,HR Speclialists 
677,Aeriela,Hedve,Aeriela.Hedve@gopmail.com,Senior Software Specliasits
678,Isa,Daveta,Isa.Daveta@gopmail.com,Sales Specialists
679,Lorie,Helfand,Lorie.Helfand@gopmail.com,Sales Specialists
680,Alejandra,Rodmann,Alejandra.Rodmann@gopmail.com,HR Speclialists 
681,Gwyneth,Iphlgenia,Gwyneth.Iphlgenia@gopmail.com,Senior Software Developer
682,Ruthe,Justinn,Ruthe.Justinn@gopmail.com,Senior Software Developer
683,Fred,Dosia,Fred.Dosia@gopmail.com,Software Developer
684,Aurore,Torray,Aurore.Torray@gopmail.com,Senior Software Developer
685,Mellicent,Rheingold,Mellicent.Rheingold@gopmail.com,Senior Software Specliasits
686,Corina,Fiester,Corina.Fiester@gopmail.com,Senior Software Specliasits
687,Jaclyn,Thar,Jaclyn.Thar@gopmail.com,Software Developer
688,Dorothy,Selway,Dorothy.Selway@gopmail.com,Senior Software Developer
689,Meriel,Wandie,Meriel.Wandie@gopmail.com,Senior Software Developer
690,Cathie,Fiann,Cathie.Fiann@gopmail.com,Sales Specialists
691,Danika,Masao,Danika.Masao@gopmail.com,Sales Specialists
692,Jsandye,Marijo,Jsandye.Marijo@gopmail.com,Software Engineer
693,Joceline,Ioab,Joceline.Ioab@gopmail.com,HR Speclialists 
694,Gretal,Harl,Gretal.Harl@gopmail.com,Software Engineer
695,Valeda,Janith,Valeda.Janith@gopmail.com,Senior Software Developer
696,Florencia,Seumas,Florencia.Seumas@gopmail.com,Sales Specialists
697,Catharine,Rubie,Catharine.Rubie@gopmail.com,HR Speclialists 
698,Florie,McLaughlin,Florie.McLaughlin@gopmail.com,Software Engineer
699,Kimmy,Byrne,Kimmy.Byrne@gopmail.com,HR Speclialists 
700,Gerrie,Nance,Gerrie.Nance@gopmail.com,Senior Software Developer
701,Babita,Zeeba,Babita.Zeeba@gopmail.com,Software Engineer
702,Ann-Marie,Lay,Ann-Marie.Lay@gopmail.com,Senior Software Specliasits
703,Candy,Hollingsworth,Candy.Hollingsworth@gopmail.com,Sales Specialists
704,Leona,Constancy,Leona.Constancy@gopmail.com,HR Speclialists 
705,Luci,Scammon,Luci.Scammon@gopmail.com,Software Engineer
706,Jasmina,Ogren,Jasmina.Ogren@gopmail.com,Sales Specialists
707,Donnie,Louanna,Donnie.Louanna@gopmail.com,Software Developer
708,Dagmar,Ambrosia,Dagmar.Ambrosia@gopmail.com,Software Developer
709,Doralynne,Thad,Doralynne.Thad@gopmail.com,Sales Specialists
710,Anestassia,Ader,Anestassia.Ader@gopmail.com,Senior Software Developer
711,Annabela,Millda,Annabela.Millda@gopmail.com,Senior Software Developer
712,Kate,Anselmi,Kate.Anselmi@gopmail.com,HR Speclialists 
713,Charlena,Presber,Charlena.Presber@gopmail.com,Software Developer
714,Iseabal,Bandeen,Iseabal.Bandeen@gopmail.com,Software Engineer
715,Jean,Eachern,Jean.Eachern@gopmail.com,HR Speclialists 
716,Estell,Clie,Estell.Clie@gopmail.com,Software Engineer
717,Kittie,Arquit,Kittie.Arquit@gopmail.com,Sales Specialists
718,Marylou,Latini,Marylou.Latini@gopmail.com,Software Developer
719,Debee,Lamoree,Debee.Lamoree@gopmail.com,Software Developer
720,Wileen,Lamoree,Wileen.Lamoree@gopmail.com,Software Engineer
721,Darci,Margarete,Darci.Margarete@gopmail.com,Senior Software Specliasits
722,Ashlee,Koehler,Ashlee.Koehler@gopmail.com,Senior Software Specliasits
723,Fanny,Kalinda,Fanny.Kalinda@gopmail.com,Software Engineer
724,Adele,Christine,Adele.Christine@gopmail.com,Software Developer
725,Beverley,Libna,Beverley.Libna@gopmail.com,Sales Specialists
726,Alisha,Torray,Alisha.Torray@gopmail.com,Sales Specialists
727,Ida,Randene,Ida.Randene@gopmail.com,Software Engineer
728,Berget,Tippets,Berget.Tippets@gopmail.com,Senior Software Developer
729,Ingrid,Even,Ingrid.Even@gopmail.com,Software Developer
730,Joy,Yusuk,Joy.Yusuk@gopmail.com,Sales Specialists
731,Marleah,O'Neill,Marleah.O'Neill@gopmail.com,Sales Specialists
732,Bertine,Alice,Bertine.Alice@gopmail.com,Software Developer
733,Jacenta,Ietta,Jacenta.Ietta@gopmail.com,Sales Specialists
734,Modestia,Dimitris,Modestia.Dimitris@gopmail.com,Software Engineer
735,Mariann,Poll,Mariann.Poll@gopmail.com,Senior Software Developer
736,Bobbi,Raimondo,Bobbi.Raimondo@gopmail.com,Software Developer
737,Marinna,Kylander,Marinna.Kylander@gopmail.com,Software Engineer
738,Leeanne,Garrison,Leeanne.Garrison@gopmail.com,Senior Software Developer
739,Keelia,Koziara,Keelia.Koziara@gopmail.com,HR Speclialists 
740,Mureil,Hubert,Mureil.Hubert@gopmail.com,Software Developer
741,Yvonne,Whittaker,Yvonne.Whittaker@gopmail.com,Sales Specialists
742,Meriel,Fry,Meriel.Fry@gopmail.com,Software Engineer
743,Collen,Halsey,Collen.Halsey@gopmail.com,Senior Software Specliasits
744,Nariko,Cloris,Nariko.Cloris@gopmail.com,Software Engineer
745,Joane,Gahl,Joane.Gahl@gopmail.com,Sales Specialists
746,Jessamyn,Buckler,Jessamyn.Buckler@gopmail.com,HR Speclialists 
747,Allyce,Wildermuth,Allyce.Wildermuth@gopmail.com,Software Developer
748,Gwenneth,Jagir,Gwenneth.Jagir@gopmail.com,Software Engineer
749,Deloria,Orpah,Deloria.Orpah@gopmail.com,Senior Software Developer
750,Maud,Callista,Maud.Callista@gopmail.com,Sales Specialists
751,Jessy,Soneson,Jessy.Soneson@gopmail.com,Senior Software Developer
752,Jacquetta,Simmonds,Jacquetta.Simmonds@gopmail.com,HR Speclialists 
753,Romona,Atonsah,Romona.Atonsah@gopmail.com,HR Speclialists 
754,Dulce,Shirberg,Dulce.Shirberg@gopmail.com,Senior Software Specliasits
755,Linzy,Noelyn,Linzy.Noelyn@gopmail.com,Senior Software Specliasits
756,Ariela,Milson,Ariela.Milson@gopmail.com,Senior Software Developer
757,Viki,Doig,Viki.Doig@gopmail.com,Software Engineer
758,Belva,Jacinda,Belva.Jacinda@gopmail.com,Software Engineer
759,Lanna,Marlie,Lanna.Marlie@gopmail.com,Software Engineer
760,Caryl,Fancie,Caryl.Fancie@gopmail.com,Senior Software Specliasits
761,Concettina,Vanni,Concettina.Vanni@gopmail.com,Sales Specialists
762,Edee,Decato,Edee.Decato@gopmail.com,Software Engineer
763,Meg,Love,Meg.Love@gopmail.com,HR Speclialists 
764,Marcy,Kronfeld,Marcy.Kronfeld@gopmail.com,Software Engineer
765,Gale,Bandeen,Gale.Bandeen@gopmail.com,Software Engineer
766,Kassey,Yoko,Kassey.Yoko@gopmail.com,Senior Software Developer
767,Blake,Zeeba,Blake.Zeeba@gopmail.com,HR Speclialists 
768,Priscilla,Sigfrid,Priscilla.Sigfrid@gopmail.com,Software Developer
769,Beverley,Markman,Beverley.Markman@gopmail.com,Senior Software Specliasits
770,Frieda,Brittani,Frieda.Brittani@gopmail.com,Software Developer
771,Luci,Nunci,Luci.Nunci@gopmail.com,Software Engineer
772,Shel,Elo,Shel.Elo@gopmail.com,Sales Specialists
773,Verla,Vacuva,Verla.Vacuva@gopmail.com,Senior Software Specliasits
774,Jessy,Dielu,Jessy.Dielu@gopmail.com,Software Engineer
775,Berta,Wilona,Berta.Wilona@gopmail.com,Senior Software Developer
776,Lizzie,Berl,Lizzie.Berl@gopmail.com,HR Speclialists 
777,Halette,Thar,Halette.Thar@gopmail.com,Software Developer
778,Vita,Pernick,Vita.Pernick@gopmail.com,Software Developer
779,Yvonne,Bebe,Yvonne.Bebe@gopmail.com,Senior Software Developer
780,Tressa,Hubert,Tressa.Hubert@gopmail.com,HR Speclialists 
781,Glenda,Shields,Glenda.Shields@gopmail.com,Senior Software Developer
782,Kimberley,Magdalen,Kimberley.Magdalen@gopmail.com,Software Developer
783,Raina,Weinreb,Raina.Weinreb@gopmail.com,Software Developer
784,Tori,Chobot,Tori.Chobot@gopmail.com,Sales Specialists
785,Inga,Tamar,Inga.Tamar@gopmail.com,Senior Software Developer
786,Molli,Wildermuth,Molli.Wildermuth@gopmail.com,Software Developer
787,Jacenta,Drisko,Jacenta.Drisko@gopmail.com,Sales Specialists
788,Livvyy,Erb,Livvyy.Erb@gopmail.com,Senior Software Developer
789,Elise,Carvey,Elise.Carvey@gopmail.com,Senior Software Specliasits
790,Maisey,Sallyann,Maisey.Sallyann@gopmail.com,HR Speclialists 
791,Ekaterina,Orelee,Ekaterina.Orelee@gopmail.com,Senior Software Specliasits
792,Edyth,Georgy,Edyth.Georgy@gopmail.com,Senior Software Developer
793,Meghann,Dulciana,Meghann.Dulciana@gopmail.com,Software Developer
794,Sherrie,Andrel,Sherrie.Andrel@gopmail.com,Senior Software Specliasits
795,Ermengarde,Turne,Ermengarde.Turne@gopmail.com,Software Developer
796,Joy,Juliet,Joy.Juliet@gopmail.com,Senior Software Specliasits
797,Jerry,Winnick,Jerry.Winnick@gopmail.com,Sales Specialists
798,Quintina,Maiah,Quintina.Maiah@gopmail.com,Senior Software Specliasits
799,Calla,Gaulin,Calla.Gaulin@gopmail.com,HR Speclialists 
800,Peri,Brunell,Peri.Brunell@gopmail.com,HR Speclialists 
801,Etta,Tufts,Etta.Tufts@gopmail.com,Software Engineer
802,Gui,Brotherson,Gui.Brotherson@gopmail.com,Software Developer
803,Libbie,Malanie,Libbie.Malanie@gopmail.com,Software Developer
804,Chere,Aprile,Chere.Aprile@gopmail.com,Sales Specialists
805,Malina,Uund,Malina.Uund@gopmail.com,Senior Software Specliasits
806,Janeczka,Hurley,Janeczka.Hurley@gopmail.com,Sales Specialists
807,Ada,Cimbura,Ada.Cimbura@gopmail.com,Sales Specialists
808,Fredericka,Fax,Fredericka.Fax@gopmail.com,Senior Software Developer
809,Fredericka,Podvin,Fredericka.Podvin@gopmail.com,Senior Software Specliasits
810,Lucille,Janith,Lucille.Janith@gopmail.com,Senior Software Specliasits
811,Aaren,Hathaway,Aaren.Hathaway@gopmail.com,Software Engineer
812,Bill,Gordon,Bill.Gordon@gopmail.com,Senior Software Specliasits
813,Dorene,Reidar,Dorene.Reidar@gopmail.com,Software Developer
814,Augustine,Susannah,Augustine.Susannah@gopmail.com,HR Speclialists 
815,Leeanne,Diann,Leeanne.Diann@gopmail.com,Software Developer
816,Gaylene,Schalles,Gaylene.Schalles@gopmail.com,HR Speclialists 
817,Bernardine,Ade,Bernardine.Ade@gopmail.com,Software Engineer
818,Janey,Virgin,Janey.Virgin@gopmail.com,Senior Software Specliasits
819,Roz,Judye,Roz.Judye@gopmail.com,Software Developer
820,Sam,Ammann,Sam.Ammann@gopmail.com,Senior Software Developer
821,Larine,Sherfield,Larine.Sherfield@gopmail.com,Software Developer
822,Cristabel,Leler,Cristabel.Leler@gopmail.com,Senior Software Developer
823,Trixi,Anton,Trixi.Anton@gopmail.com,HR Speclialists 
824,Jorry,Pozzy,Jorry.Pozzy@gopmail.com,Software Developer
825,Tierney,Zamora,Tierney.Zamora@gopmail.com,Sales Specialists
826,Myriam,McClimans,Myriam.McClimans@gopmail.com,Software Engineer
827,Jerry,Buffum,Jerry.Buffum@gopmail.com,Senior Software Specliasits
828,Correy,Teryn,Correy.Teryn@gopmail.com,Senior Software Developer
829,Edyth,Regan,Edyth.Regan@gopmail.com,Software Engineer
830,Kirbee,Isacco,Kirbee.Isacco@gopmail.com,Sales Specialists
831,Mignon,Jerald,Mignon.Jerald@gopmail.com,Software Engineer
832,Latisha,Lissi,Latisha.Lissi@gopmail.com,Software Engineer
833,Madelle,Lay,Madelle.Lay@gopmail.com,Software Engineer
834,Wanda,Earlie,Wanda.Earlie@gopmail.com,Software Engineer
835,Sibella,Sherrie,Sibella.Sherrie@gopmail.com,Senior Software Specliasits
836,Nessie,Lorain,Nessie.Lorain@gopmail.com,Sales Specialists
837,Chandra,Kunin,Chandra.Kunin@gopmail.com,Sales Specialists
838,Ada,Thar,Ada.Thar@gopmail.com,Software Engineer
839,Josephine,Urias,Josephine.Urias@gopmail.com,Software Engineer
840,Kate,Plato,Kate.Plato@gopmail.com,Senior Software Developer
841,Gloria,Ramona,Gloria.Ramona@gopmail.com,Senior Software Specliasits
842,Helsa,Lumbard,Helsa.Lumbard@gopmail.com,Software Developer
843,Tarra,Haymes,Tarra.Haymes@gopmail.com,Software Developer
844,Elfreda,Morehouse,Elfreda.Morehouse@gopmail.com,Senior Software Developer
845,Thalia,Ilka,Thalia.Ilka@gopmail.com,Software Engineer
846,Addia,Cornelia,Addia.Cornelia@gopmail.com,Software Developer
847,Clo,Hermes,Clo.Hermes@gopmail.com,HR Speclialists 
848,Tierney,Roumell,Tierney.Roumell@gopmail.com,Software Engineer
849,Leontine,Bluh,Leontine.Bluh@gopmail.com,Senior Software Developer
850,Mamie,Jammal,Mamie.Jammal@gopmail.com,Senior Software Specliasits
851,Dorene,Malvino,Dorene.Malvino@gopmail.com,Sales Specialists
852,Aaren,Reidar,Aaren.Reidar@gopmail.com,Senior Software Developer
853,Lila,Waite,Lila.Waite@gopmail.com,HR Speclialists 
854,Deedee,Aaberg,Deedee.Aaberg@gopmail.com,Software Engineer
855,Dennie,Therine,Dennie.Therine@gopmail.com,Senior Software Developer
856,Kenna,Arathorn,Kenna.Arathorn@gopmail.com,Sales Specialists
857,Norine,Avi,Norine.Avi@gopmail.com,Senior Software Developer
858,Yvonne,Nunci,Yvonne.Nunci@gopmail.com,Sales Specialists
859,Barbi,Diann,Barbi.Diann@gopmail.com,HR Speclialists 
860,Ericka,Carbo,Ericka.Carbo@gopmail.com,Sales Specialists
861,Beatriz,Lytton,Beatriz.Lytton@gopmail.com,Software Engineer
862,Vita,Schonfeld,Vita.Schonfeld@gopmail.com,Software Engineer
863,Maud,Hylan,Maud.Hylan@gopmail.com,Software Engineer
864,Lelah,Center,Lelah.Center@gopmail.com,Senior Software Developer
865,Bobinette,Holbrook,Bobinette.Holbrook@gopmail.com,Software Engineer
866,Atlanta,Clarissa,Atlanta.Clarissa@gopmail.com,HR Speclialists 
867,Rori,Barrus,Rori.Barrus@gopmail.com,Software Developer
868,Leona,Genna,Leona.Genna@gopmail.com,Sales Specialists
869,Ursulina,Uund,Ursulina.Uund@gopmail.com,Software Developer
870,Farrah,Sholley,Farrah.Sholley@gopmail.com,Software Engineer
871,Jessy,Angelis,Jessy.Angelis@gopmail.com,Software Engineer
872,Evaleen,Milde,Evaleen.Milde@gopmail.com,Senior Software Specliasits
873,Dione,Lory,Dione.Lory@gopmail.com,Senior Software Developer
874,Stephanie,Mandler,Stephanie.Mandler@gopmail.com,Senior Software Specliasits
875,Shauna,Bivins,Shauna.Bivins@gopmail.com,Senior Software Specliasits
876,Roseline,Taam,Roseline.Taam@gopmail.com,Software Developer
877,Celene,Zamora,Celene.Zamora@gopmail.com,Senior Software Developer
878,Melodie,Saree,Melodie.Saree@gopmail.com,Sales Specialists
879,Stevana,Fax,Stevana.Fax@gopmail.com,HR Speclialists 
880,Dawn,Freddi,Dawn.Freddi@gopmail.com,Software Developer
881,Abbie,Nore,Abbie.Nore@gopmail.com,HR Speclialists 
882,Corina,Erich,Corina.Erich@gopmail.com,Software Engineer
883,Devina,Robertson,Devina.Robertson@gopmail.com,HR Speclialists 
884,Ada,Cleavland,Ada.Cleavland@gopmail.com,Senior Software Specliasits
885,Amelia,Gower,Amelia.Gower@gopmail.com,Senior Software Developer
886,Carolina,Martguerita,Carolina.Martguerita@gopmail.com,Software Developer
887,Clary,Lubin,Clary.Lubin@gopmail.com,Sales Specialists
888,Rhoda,Turne,Rhoda.Turne@gopmail.com,Senior Software Specliasits
889,Annice,Tiffa,Annice.Tiffa@gopmail.com,Senior Software Developer
890,Kial,Duwalt,Kial.Duwalt@gopmail.com,Senior Software Specliasits
891,Jillayne,Tarrant,Jillayne.Tarrant@gopmail.com,Senior Software Developer
892,Concettina,Liebermann,Concettina.Liebermann@gopmail.com,Senior Software Specliasits
893,Johna,Earlie,Johna.Earlie@gopmail.com,Software Developer
894,Chandra,Maribeth,Chandra.Maribeth@gopmail.com,Senior Software Developer
895,Gretal,Robertson,Gretal.Robertson@gopmail.com,Software Developer
896,Kristan,Crudden,Kristan.Crudden@gopmail.com,Sales Specialists
897,Augustine,Saree,Augustine.Saree@gopmail.com,Senior Software Specliasits
898,Phedra,Wilkinson,Phedra.Wilkinson@gopmail.com,HR Speclialists 
899,Roseline,Kussell,Roseline.Kussell@gopmail.com,Senior Software Specliasits
900,Concettina,Madelene,Concettina.Madelene@gopmail.com,Sales Specialists
901,Monika,Hourigan,Monika.Hourigan@gopmail.com,Senior Software Specliasits
902,Maye,Rheingold,Maye.Rheingold@gopmail.com,HR Speclialists 
903,Kaia,Corilla,Kaia.Corilla@gopmail.com,HR Speclialists 
904,Deloria,Rebecka,Deloria.Rebecka@gopmail.com,Sales Specialists
905,Demetris,Levey,Demetris.Levey@gopmail.com,Senior Software Specliasits
906,Ottilie,Colp,Ottilie.Colp@gopmail.com,Software Developer
907,Dari,Podvin,Dari.Podvin@gopmail.com,Software Developer
908,Verla,Sophronia,Verla.Sophronia@gopmail.com,Software Developer
909,Dyann,Ramona,Dyann.Ramona@gopmail.com,Software Developer
910,Annabela,Pattin,Annabela.Pattin@gopmail.com,Software Developer
911,Minda,Jarib,Minda.Jarib@gopmail.com,Sales Specialists
912,Drucie,Dreda,Drucie.Dreda@gopmail.com,Senior Software Developer
913,Johna,Shuler,Johna.Shuler@gopmail.com,Software Developer
914,Anallese,Gerge,Anallese.Gerge@gopmail.com,Senior Software Specliasits
915,Peri,Loring,Peri.Loring@gopmail.com,Software Developer
916,Rayna,Noelyn,Rayna.Noelyn@gopmail.com,Sales Specialists
917,Jsandye,Quinn,Jsandye.Quinn@gopmail.com,Sales Specialists
918,Gaylene,Philipp,Gaylene.Philipp@gopmail.com,Software Engineer
919,Eadie,Goerke,Eadie.Goerke@gopmail.com,Senior Software Developer
920,Kirstin,Ephrem,Kirstin.Ephrem@gopmail.com,Senior Software Specliasits
921,Micheline,Leonard,Micheline.Leonard@gopmail.com,Senior Software Developer
922,Lita,Reneta,Lita.Reneta@gopmail.com,Senior Software Developer
923,Raquela,Leary,Raquela.Leary@gopmail.com,Software Developer
924,Alejandra,Dudley,Alejandra.Dudley@gopmail.com,Senior Software Specliasits
925,Morganica,Stevy,Morganica.Stevy@gopmail.com,Sales Specialists
926,Marjie,Donoghue,Marjie.Donoghue@gopmail.com,Software Engineer
927,Kathy,Hourigan,Kathy.Hourigan@gopmail.com,Sales Specialists
928,Dianemarie,Bach,Dianemarie.Bach@gopmail.com,Sales Specialists
929,Magdalena,Craggie,Magdalena.Craggie@gopmail.com,Software Engineer
930,Chrystel,Roscoe,Chrystel.Roscoe@gopmail.com,Senior Software Specliasits
931,Cacilie,Lymann,Cacilie.Lymann@gopmail.com,Software Engineer
932,Alyssa,Amadas,Alyssa.Amadas@gopmail.com,HR Speclialists 
933,Gloria,Corilla,Gloria.Corilla@gopmail.com,Senior Software Developer
934,Ermengarde,Neva,Ermengarde.Neva@gopmail.com,Sales Specialists
935,Oralee,Noman,Oralee.Noman@gopmail.com,Senior Software Specliasits
936,Patricia,Lorain,Patricia.Lorain@gopmail.com,Sales Specialists
937,Myrtice,Anyah,Myrtice.Anyah@gopmail.com,Software Engineer
938,Magdalena,Bivins,Magdalena.Bivins@gopmail.com,Software Engineer
939,Almeta,Bord,Almeta.Bord@gopmail.com,Software Engineer
940,Candy,Yam,Candy.Yam@gopmail.com,HR Speclialists 
941,Therine,Corrine,Therine.Corrine@gopmail.com,Senior Software Developer
942,Sue,Stanwood,Sue.Stanwood@gopmail.com,Sales Specialists
943,Hyacinthe,Erminia,Hyacinthe.Erminia@gopmail.com,Senior Software Developer
944,Gerianna,Ogren,Gerianna.Ogren@gopmail.com,Senior Software Developer
945,Hildegaard,Ade,Hildegaard.Ade@gopmail.com,Software Developer
946,Lindie,Haymes,Lindie.Haymes@gopmail.com,Senior Software Developer
947,Fidelia,Burch,Fidelia.Burch@gopmail.com,Sales Specialists
948,Felice,Campball,Felice.Campball@gopmail.com,Senior Software Specliasits
949,Dorene,Belanger,Dorene.Belanger@gopmail.com,Senior Software Specliasits
950,Peri,Virgin,Peri.Virgin@gopmail.com,Software Engineer
951,Sabina,Gower,Sabina.Gower@gopmail.com,HR Speclialists 
952,Kassey,Zola,Kassey.Zola@gopmail.com,Sales Specialists
953,Gloria,Luhe,Gloria.Luhe@gopmail.com,HR Speclialists 
954,Gretal,Bashemeth,Gretal.Bashemeth@gopmail.com,Software Engineer
955,Hyacinthe,Shaver,Hyacinthe.Shaver@gopmail.com,Software Engineer
956,Deloria,Plato,Deloria.Plato@gopmail.com,Senior Software Developer
957,Carlie,Hanshaw,Carlie.Hanshaw@gopmail.com,Sales Specialists
958,Flory,Kiyoshi,Flory.Kiyoshi@gopmail.com,HR Speclialists 
959,Fina,Hillel,Fina.Hillel@gopmail.com,Software Developer
960,Susette,Haymes,Susette.Haymes@gopmail.com,Software Developer
961,Sabina,Lunsford,Sabina.Lunsford@gopmail.com,Software Developer
962,Fred,Pillsbury,Fred.Pillsbury@gopmail.com,Software Engineer
963,Roz,Casimir,Roz.Casimir@gopmail.com,Software Developer
964,Cristabel,Velick,Cristabel.Velick@gopmail.com,Software Engineer
965,Concettina,Colbert,Concettina.Colbert@gopmail.com,Software Engineer
966,Lorne,Kress,Lorne.Kress@gopmail.com,Senior Software Developer
967,Tonia,Hashim,Tonia.Hashim@gopmail.com,Senior Software Developer
968,Dorene,Jerold,Dorene.Jerold@gopmail.com,Senior Software Specliasits
969,Andeee,Kylander,Andeee.Kylander@gopmail.com,Sales Specialists
970,Kathy,Cadmar,Kathy.Cadmar@gopmail.com,Sales Specialists
971,Corina,Philoo,Corina.Philoo@gopmail.com,Senior Software Specliasits
972,Albertina,Hashim,Albertina.Hashim@gopmail.com,Software Developer
973,Etta,Phaidra,Etta.Phaidra@gopmail.com,Software Developer
974,Anica,Timon,Anica.Timon@gopmail.com,Software Engineer
975,Courtnay,Delila,Courtnay.Delila@gopmail.com,HR Speclialists 
976,Cristabel,Ivens,Cristabel.Ivens@gopmail.com,Senior Software Developer
977,Robinia,Arvo,Robinia.Arvo@gopmail.com,Software Engineer
978,Rori,Frodi,Rori.Frodi@gopmail.com,HR Speclialists 
979,Tami,Roumell,Tami.Roumell@gopmail.com,Sales Specialists
980,Karly,Doig,Karly.Doig@gopmail.com,Software Engineer
981,Maridel,Karl,Maridel.Karl@gopmail.com,Sales Specialists
982,Lynnea,Arquit,Lynnea.Arquit@gopmail.com,Senior Software Developer
983,Marjie,Juliet,Marjie.Juliet@gopmail.com,Software Engineer
984,Frieda,Alarise,Frieda.Alarise@gopmail.com,Senior Software Developer
985,Claresta,Craggie,Claresta.Craggie@gopmail.com,Senior Software Developer
986,Aimil,Douglass,Aimil.Douglass@gopmail.com,Sales Specialists
987,Elbertina,Papageno,Elbertina.Papageno@gopmail.com,HR Speclialists 
988,Petronia,Winthorpe,Petronia.Winthorpe@gopmail.com,Senior Software Specliasits
989,Lindie,Ball,Lindie.Ball@gopmail.com,Sales Specialists
990,Bill,Delp,Bill.Delp@gopmail.com,Senior Software Developer
991,Aubrie,Joli,Aubrie.Joli@gopmail.com,Senior Software Specliasits
992,Phylis,Lea,Phylis.Lea@gopmail.com,HR Speclialists 
993,Helsa,Roarke,Helsa.Roarke@gopmail.com,Senior Software Developer
994,Sallie,Merell,Sallie.Merell@gopmail.com,Senior Software Specliasits
995,Almeta,Bethany,Almeta.Bethany@gopmail.com,Senior Software Specliasits
996,Kirstin,Marlie,Kirstin.Marlie@gopmail.com,Software Engineer
997,Romona,Dalli,Romona.Dalli@gopmail.com,Senior Software Specliasits
998,Linzy,Lauraine,Linzy.Lauraine@gopmail.com,Software Engineer
999,Cyndie,Zenas,Cyndie.Zenas@gopmail.com,Software Engineer
1000,Tera,Judye,Tera.Judye@gopmail.com,Senior Software Specliasits